{
  "benchmark_id": "agi_score",
  "score": 0.8079098671537077,
  "passed": true,
  "metadata": {
    "breakdown": {
      "cross_domain_transfer": 0.8095790196383073,
      "few_shot_learning": 0.8521294311659915,
      "causal_reasoning": 0.7646577730413938
    },
    "consistency_score": 0.8,
    "threshold": 0.7,
    "calculation": "0.3*CDT + 0.3*FSL + 0.3*CR + 0.1*CONS"
  },
  "timestamp": "2026-05-15T10:09:47.256039"
}