{
  "benchmark_id": "agi_score",
  "score": 0.8156943899603624,
  "passed": true,
  "metadata": {
    "breakdown": {
      "cross_domain_transfer": 0.8748086836341079,
      "few_shot_learning": 0.8249744968981605,
      "causal_reasoning": 0.8191981193356059
    },
    "consistency_score": 0.6,
    "threshold": 0.7,
    "calculation": "0.3*CDT + 0.3*FSL + 0.3*CR + 0.1*CONS"
  },
  "timestamp": "2026-05-15T08:22:05.407611"
}