{
  "benchmark_id": "agi_score",
  "score": 0.6806974205466997,
  "passed": false,
  "metadata": {
    "breakdown": {
      "cross_domain_transfer": 0.5791108184386919,
      "few_shot_learning": 0.7794026924129716,
      "causal_reasoning": 0.5771445576373354
    },
    "consistency_score": 1.0,
    "threshold": 0.7,
    "calculation": "0.3*CDT + 0.3*FSL + 0.3*CR + 0.1*CONS"
  },
  "timestamp": "2026-05-15T03:15:26.758218"
}