{
  "benchmark_id": "agi_score",
  "score": 0.8066456231087566,
  "passed": true,
  "metadata": {
    "breakdown": {
      "cross_domain_transfer": 0.797215426066118,
      "few_shot_learning": 0.8372325341266618,
      "causal_reasoning": 0.8543707835030758
    },
    "consistency_score": 0.6,
    "threshold": 0.7,
    "calculation": "0.3*CDT + 0.3*FSL + 0.3*CR + 0.1*CONS"
  },
  "timestamp": "2026-05-15T03:40:26.995769"
}