{
  "benchmark_id": "agi_score",
  "score": 0.6649638483197244,
  "passed": false,
  "metadata": {
    "breakdown": {
      "cross_domain_transfer": 0.7765075842530396,
      "few_shot_learning": 0.5227710769409001,
      "causal_reasoning": 0.650600833205142
    },
    "consistency_score": 0.8,
    "threshold": 0.7,
    "calculation": "0.3*CDT + 0.3*FSL + 0.3*CR + 0.1*CONS"
  },
  "timestamp": "2026-05-15T02:37:35.767857"
}