{
  "benchmark_id": "agi_score",
  "score": 0.7430363209064732,
  "passed": true,
  "metadata": {
    "breakdown": {
      "cross_domain_transfer": 0.650795703794728,
      "few_shot_learning": 0.8711100475254865,
      "causal_reasoning": 0.7548819850346966
    },
    "consistency_score": 0.6,
    "threshold": 0.7,
    "calculation": "0.3*CDT + 0.3*FSL + 0.3*CR + 0.1*CONS"
  },
  "timestamp": "2026-05-15T03:23:04.749276"
}