{
  "benchmark_id": "agi_score",
  "score": 0.7342055750752166,
  "passed": true,
  "metadata": {
    "breakdown": {
      "cross_domain_transfer": 0.7290848678297669,
      "few_shot_learning": 0.741505721966957,
      "causal_reasoning": 0.7767613271206647
    },
    "consistency_score": 0.6,
    "threshold": 0.7,
    "calculation": "0.3*CDT + 0.3*FSL + 0.3*CR + 0.1*CONS"
  },
  "timestamp": "2026-05-15T08:23:39.269353"
}