{
  "benchmark_id": "agi_score",
  "score": 0.7151078983491226,
  "passed": true,
  "metadata": {
    "breakdown": {
      "cross_domain_transfer": 0.7454680849109901,
      "few_shot_learning": 0.7839782835514078,
      "causal_reasoning": 0.5875799593680103
    },
    "consistency_score": 0.8,
    "threshold": 0.7,
    "calculation": "0.3*CDT + 0.3*FSL + 0.3*CR + 0.1*CONS"
  },
  "timestamp": "2026-05-15T03:08:27.201518"
}