{
  "benchmark_id": "agi_score",
  "score": 0.7969337959965452,
  "passed": true,
  "metadata": {
    "breakdown": {
      "cross_domain_transfer": 0.7862098276902824,
      "few_shot_learning": 0.8706289584724803,
      "causal_reasoning": 0.7329405338257217
    },
    "consistency_score": 0.8,
    "threshold": 0.7,
    "calculation": "0.3*CDT + 0.3*FSL + 0.3*CR + 0.1*CONS"
  },
  "timestamp": "2026-05-15T03:47:05.710272"
}