{
  "benchmark_id": "agi_score",
  "score": 0.8116019478792644,
  "passed": true,
  "metadata": {
    "breakdown": {
      "cross_domain_transfer": 0.9148910707121231,
      "few_shot_learning": 0.7871626993607393,
      "causal_reasoning": 0.8032860561913527
    },
    "consistency_score": 0.6,
    "threshold": 0.7,
    "calculation": "0.3*CDT + 0.3*FSL + 0.3*CR + 0.1*CONS"
  },
  "timestamp": "2026-05-15T03:41:52.238747"
}