{
  "benchmark_id": "agi_score",
  "score": 0.8525376458366998,
  "passed": true,
  "metadata": {
    "breakdown": {
      "cross_domain_transfer": 0.970917318895481,
      "few_shot_learning": 0.9350031872268993,
      "causal_reasoning": 0.7358716466666185
    },
    "consistency_score": 0.6,
    "threshold": 0.7,
    "calculation": "0.3*CDT + 0.3*FSL + 0.3*CR + 0.1*CONS"
  },
  "timestamp": "2026-05-15T03:29:02.183191"
}