{
  "benchmark_id": "agi_score",
  "score": 0.8878683909222478,
  "passed": true,
  "metadata": {
    "breakdown": {
      "cross_domain_transfer": 0.9738911238490491,
      "few_shot_learning": 0.8286721260045329,
      "causal_reasoning": 0.9569980532205773
    },
    "consistency_score": 0.6,
    "threshold": 0.7,
    "calculation": "0.3*CDT + 0.3*FSL + 0.3*CR + 0.1*CONS"
  },
  "timestamp": "2026-05-15T08:22:04.767550"
}