{
  "benchmark_id": "agi_score",
  "score": 0.8336486296028236,
  "passed": true,
  "metadata": {
    "breakdown": {
      "cross_domain_transfer": 0.8918523035955515,
      "few_shot_learning": 0.8883370294304619,
      "causal_reasoning": 0.7986394323167315
    },
    "consistency_score": 0.6,
    "threshold": 0.7,
    "calculation": "0.3*CDT + 0.3*FSL + 0.3*CR + 0.1*CONS"
  },
  "timestamp": "2026-05-15T10:08:56.696151"
}