{
  "benchmark_id": "agi_score",
  "score": 0.8209317923287945,
  "passed": true,
  "metadata": {
    "breakdown": {
      "cross_domain_transfer": 0.8244667873604907,
      "few_shot_learning": 0.8330516355065462,
      "causal_reasoning": 0.7455875515622784
    },
    "consistency_score": 1.0,
    "threshold": 0.7,
    "calculation": "0.3*CDT + 0.3*FSL + 0.3*CR + 0.1*CONS"
  },
  "timestamp": "2026-05-15T10:03:52.979219"
}