{
  "benchmark_id": "agi_score",
  "score": 0.805868985918504,
  "passed": true,
  "metadata": {
    "breakdown": {
      "cross_domain_transfer": 0.7654033640304904,
      "few_shot_learning": 0.886070398309599,
      "causal_reasoning": 0.834756190721591
    },
    "consistency_score": 0.6,
    "threshold": 0.7,
    "calculation": "0.3*CDT + 0.3*FSL + 0.3*CR + 0.1*CONS"
  },
  "timestamp": "2026-05-15T03:36:45.882253"
}