{
  "benchmark_id": "agi_score",
  "score": 0.8507717766302207,
  "passed": true,
  "metadata": {
    "breakdown": {
      "cross_domain_transfer": 0.8991746463619155,
      "few_shot_learning": 0.8310861915553135,
      "causal_reasoning": 0.8389784175168407
    },
    "consistency_score": 0.8,
    "threshold": 0.7,
    "calculation": "0.3*CDT + 0.3*FSL + 0.3*CR + 0.1*CONS"
  },
  "timestamp": "2026-05-15T03:48:02.888943"
}