{
  "benchmark_id": "agi_score",
  "score": 0.833232468270845,
  "passed": true,
  "metadata": {
    "breakdown": {
      "cross_domain_transfer": 0.8996506382575731,
      "few_shot_learning": 0.8068083075377072,
      "causal_reasoning": 0.8043159484408696
    },
    "consistency_score": 0.8,
    "threshold": 0.7,
    "calculation": "0.3*CDT + 0.3*FSL + 0.3*CR + 0.1*CONS"
  },
  "timestamp": "2026-05-15T03:47:21.889246"
}