{
  "benchmark_id": "agi_score",
  "score": 0.79460068527345,
  "passed": true,
  "metadata": {
    "breakdown": {
      "cross_domain_transfer": 0.83341736799229,
      "few_shot_learning": 0.8526154808742485,
      "causal_reasoning": 0.7626361020449617
    },
    "consistency_score": 0.6,
    "threshold": 0.7,
    "calculation": "0.3*CDT + 0.3*FSL + 0.3*CR + 0.1*CONS"
  },
  "timestamp": "2026-05-15T10:09:48.298015"
}