{
  "benchmark_id": "agi_score",
  "score": 0.7956307343050992,
  "passed": true,
  "metadata": {
    "breakdown": {
      "cross_domain_transfer": 0.8395823537899545,
      "few_shot_learning": 0.7607904113730904,
      "causal_reasoning": 0.785063015853953
    },
    "consistency_score": 0.8,
    "threshold": 0.7,
    "calculation": "0.3*CDT + 0.3*FSL + 0.3*CR + 0.1*CONS"
  },
  "timestamp": "2026-05-15T08:23:23.814662"
}