{
  "benchmark_id": "agi_score",
  "score": 0.823720837677965,
  "passed": true,
  "metadata": {
    "breakdown": {
      "cross_domain_transfer": 0.8425843776110423,
      "few_shot_learning": 0.9164066867102446,
      "causal_reasoning": 0.78674506127193
    },
    "consistency_score": 0.6,
    "threshold": 0.7,
    "calculation": "0.3*CDT + 0.3*FSL + 0.3*CR + 0.1*CONS"
  },
  "timestamp": "2026-05-15T03:35:14.432728"
}