{
  "benchmark_id": "agi_score",
  "score": 0.8099595028225648,
  "passed": true,
  "metadata": {
    "breakdown": {
      "cross_domain_transfer": 0.7727468806710865,
      "few_shot_learning": 0.8196346627077761,
      "causal_reasoning": 0.9074834660296863
    },
    "consistency_score": 0.6,
    "threshold": 0.7,
    "calculation": "0.3*CDT + 0.3*FSL + 0.3*CR + 0.1*CONS"
  },
  "timestamp": "2026-05-15T10:08:58.008141"
}