{
  "benchmark_id": "agi_score",
  "score": 0.6907683011367618,
  "passed": false,
  "metadata": {
    "breakdown": {
      "cross_domain_transfer": 0.5976728328619051,
      "few_shot_learning": 0.7463594487900611,
      "causal_reasoning": 0.7585287221372399
    },
    "consistency_score": 0.6,
    "threshold": 0.7,
    "calculation": "0.3*CDT + 0.3*FSL + 0.3*CR + 0.1*CONS"
  },
  "timestamp": "2026-05-15T03:09:01.631479"
}