{
  "benchmark_id": "agi_score",
  "score": 0.833933864482175,
  "passed": true,
  "metadata": {
    "breakdown": {
      "cross_domain_transfer": 0.9423367652365329,
      "few_shot_learning": 0.8846335833814254,
      "causal_reasoning": 0.7528091996559586
    },
    "consistency_score": 0.6,
    "threshold": 0.7,
    "calculation": "0.3*CDT + 0.3*FSL + 0.3*CR + 0.1*CONS"
  },
  "timestamp": "2026-05-15T08:20:40.799747"
}