{
  "benchmark_id": "agi_score",
  "score": 0.8894241191244343,
  "passed": true,
  "metadata": {
    "breakdown": {
      "cross_domain_transfer": 0.9777050309253709,
      "few_shot_learning": 0.8598329267726852,
      "causal_reasoning": 0.9272091060500581
    },
    "consistency_score": 0.6,
    "threshold": 0.7,
    "calculation": "0.3*CDT + 0.3*FSL + 0.3*CR + 0.1*CONS"
  },
  "timestamp": "2026-05-15T08:18:41.816308"
}