{
  "benchmark_id": "agi_score",
  "score": 0.6517481867395207,
  "passed": false,
  "metadata": {
    "breakdown": {
      "cross_domain_transfer": 0.6505461493592818,
      "few_shot_learning": 0.6281710969977286,
      "causal_reasoning": 0.6937767094413919
    },
    "consistency_score": 0.6,
    "threshold": 0.7,
    "calculation": "0.3*CDT + 0.3*FSL + 0.3*CR + 0.1*CONS"
  },
  "timestamp": "2026-05-15T03:17:04.290854"
}