{
  "benchmark_id": "agi_score",
  "score": 0.673577995090278,
  "passed": false,
  "metadata": {
    "breakdown": {
      "cross_domain_transfer": 0.6636759856715779,
      "few_shot_learning": 0.8248939298622431,
      "causal_reasoning": 0.5566900681004391
    },
    "consistency_score": 0.6,
    "threshold": 0.7,
    "calculation": "0.3*CDT + 0.3*FSL + 0.3*CR + 0.1*CONS"
  },
  "timestamp": "2026-05-15T03:09:28.549669"
}