{
  "benchmark_id": "agi_score",
  "score": 0.7930240800657651,
  "passed": true,
  "metadata": {
    "breakdown": {
      "cross_domain_transfer": 0.7298078654218452,
      "few_shot_learning": 0.7604663682494478,
      "causal_reasoning": 0.8864726998812573
    },
    "consistency_score": 0.8,
    "threshold": 0.7,
    "calculation": "0.3*CDT + 0.3*FSL + 0.3*CR + 0.1*CONS"
  },
  "timestamp": "2026-05-15T08:26:53.594974"
}